[
  {"name": "Classic Rock", "genre": "Rock"},
  {"name": "Hard Rock", "genre": "Rock"},
  {"name": "Punk Rock", "genre": "Rock"},
  {"name": "Alternative Rock", "genre": "Rock"},
  {"name": "Indie Rock", "genre": "Rock"},
  {"name": "Progressive Rock", "genre": "Rock"},
  {"name": "Psychedelic Rock", "genre": "Rock"},
  {"name": "Garage Rock", "genre": "Rock"},
  {"name": "Grunge", "genre": "Rock"},
  {"name": "Post-Rock", "genre": "Rock"},

  {"name": "Mainstream Pop", "genre": "Pop"},
  {"name": "Dance Pop", "genre": "Pop"},
  {"name": "Indie Pop", "genre": "Pop"},
  {"name": "Electropop", "genre": "Pop"},
  {"name": "Teen Pop", "genre": "Pop"},
  {"name": "Synthpop", "genre": "Pop"},

  {"name": "House", "genre": "Electronic"},
  {"name": "Techno", "genre": "Electronic"},
  {"name": "Trance", "genre": "Electronic"},
  {"name": "Drum and Bass", "genre": "Electronic"},
  {"name": "Dubstep", "genre": "Electronic"},
  {"name": "EDM", "genre": "Electronic"},
  {"name": "Electro", "genre": "Electronic"},

  {"name": "Trap", "genre": "Rap"},
  {"name": "Boom Bap", "genre": "Rap"},
  {"name": "Conscious Rap", "genre": "Rap"},
  {"name": "Gangsta Rap", "genre": "Rap"},
  {"name": "Lo-fi Hip Hop", "genre": "Rap"},
  {"name": "Experimental Hip Hop", "genre": "Rap"},

  {"name": "Baroque", "genre": "Classical"},
  {"name": "Romantic", "genre": "Classical"},
  {"name": "Modern Classical", "genre": "Classical"},
  {"name": "Minimalism", "genre": "Classical"},
  {"name": "Contemporary Classical", "genre": "Classical"},
  {"name": "Chamber Music", "genre": "Classical"},
  {"name": "Opera", "genre": "Classical"},

  {"name": "Bebop", "genre": "Jazz"},
  {"name": "Swing", "genre": "Jazz"},
  {"name": "Cool Jazz", "genre": "Jazz"},
  {"name": "Fusion", "genre": "Jazz"},
  {"name": "Smooth Jazz", "genre": "Jazz"},
  {"name": "Traditional Blues", "genre": "Jazz"},
  {"name": "Delta Blues", "genre": "Jazz"},
  {"name": "Electric Blues", "genre": "Jazz"},

  {"name": "Classic Country", "genre": "Country"},
  {"name": "Contemporary Country", "genre": "Country"},
  {"name": "Bluegrass", "genre": "Country"},
  {"name": "Americana", "genre": "Country"},
  {"name": "Folk Rock", "genre": "Country"},
  {"name": "Singer-Songwriter", "genre": "Country"},

  {"name": "Afrobeat", "genre": "World"},
  {"name": "Reggae", "genre": "World"},
  {"name": "Dancehall", "genre": "World"},
  {"name": "Salsa", "genre": "World"},
  {"name": "Bachata", "genre": "World"},
  {"name": "Reggaeton", "genre": "World"},
  {"name": "K-Pop", "genre": "World"},
  {"name": "J-Pop", "genre": "World"},
  {"name": "Flamenco", "genre": "World"},
  {"name": "Celtic", "genre": "World"},
  {"name": "Bhangra", "genre": "World"},

  {"name": "Soundtrack", "genre": "Other"},
  {"name": "Lo-fi", "genre": "Other"},
  {"name": "Chiptune", "genre": "Other"},
  {"name": "Experimental", "genre": "Other"},
  {"name": "Noise", "genre": "Other"},
  {"name": "Industrial", "genre": "Other"},
  {"name": "Spoken Word", "genre": "Other"}
]
