    [
        {
            "icon": "/images/instruments/guitar.png",
            "name": "Guitar",
            "type": "Strings"
        },
        {
            "icon": "/images/instruments/bass-guitar.png",
            "name": "Bass Guitar",
            "type": "Strings"
        },
        {
            "icon": "/images/instruments/violin.png",
            "name": "Violin",
            "type": "Strings"
        },
        {
            "icon": "/images/instruments/cello.png",
            "name": "Cello",
            "type": "Strings"
        },
        {
            "icon": "/images/instruments/harp.png",
            "name": "Harp",
            "type": "Strings"
        },
        {
            "icon": "/images/instruments/doublebass.png",
            "name": "Double Bass",
            "type": "Strings"
        },
        {
            "icon": "/images/instruments/banjo.png",
            "name": "Banjo",
            "type": "Strings"
        },
        {
            "icon": "/images/instruments/ukelele.png",
            "name": "Ukulele",
            "type": "Strings"
        },
        {
            "icon": "/images/instruments/drums.png",
            "name": "Drums",
            "type": "Percussion"
        },
        {
            "icon": "/images/instruments/cajon.png",
            "name": "Cajón",
            "type": "Percussion"
        },
        {
            "icon": "/images/instruments/bongos.png",
            "name": "Bongo",
            "type": "Percussion"
        },
        {
            "icon": "/images/instruments/djembe.png",
            "name": "Djembe",
            "type": "Percussion"
        },
        {
            "icon": "/images/instruments/tabla.png",
            "name": "Tabla",
            "type": "Percussion"
        },
        {
            "icon": "/images/instruments/tambourine.png",
            "name": "Tambourine",
            "type": "Percussion"
        },
        {
            "icon": "/images/instruments/maracas.png",
            "name": "Maracas",
            "type": "Percussion"
        },
        {
            "icon": "/images/instruments/xylophone.png",
            "name": "Xylophone",
            "type": "Percussion"
        },
        {
            "icon": "/images/instruments/timpani.png",
            "name": "Timpani",
            "type": "Percussion"
        },
        {
            "icon": "/images/instruments/saxophone.png",
            "name": "Saxophone",
            "type": "Wind"
        },
        {
            "icon": "/images/instruments/trumpet.png",
            "name": "Trumpet",
            "type": "Wind"
        },
        {
            "icon": "/images/instruments/flute.png",
            "name": "Flute",
            "type": "Wind"
        },
        {
            "icon": "/images/instruments/clarinet.png",
            "name": "Clarinet",
            "type": "Wind"
        },
        {
            "icon": "/images/instruments/trombone.png",
            "name": "Trombone",
            "type": "Wind"
        },
        {
            "icon": "/images/instruments/fluglehorn.png",
            "name": "Flugelhorn",
            "type": "Wind"
        },
        {
            "icon": "/images/instruments/voltorna.png",
            "name": "Voltorna",
            "type": "Wind"
        },
        {
            "icon": "/images/instruments/harmonica.png",
            "name": "Harmonica",
            "type": "Wind"
        },
        {
            "icon": "/images/instruments/piano.png",
            "name": "Piano",
            "type": "Keys"
        },
        {
            "icon": "/images/instruments/keyboard.png",
            "name": "Electric Keyboard",
            "type": "Keys"
        },
        {
            "icon": "/images/instruments/organ.png",
            "name": "Organ",
            "type": "Keys"
        },
        {
            "icon": "/images/instruments/accordion.png",
            "name": "Accordion",
            "type": "Keys"
        },
        {
            "icon": "/images/instruments/synthetiser.png",
            "name": "Synthesisers",
            "type": "Electronic"
        },
        {
            "icon": "/images/instruments/drummachine.png",
            "name": "Drum Machines",
            "type": "Electronic"
        },
        {
            "icon": "/images/instruments/midi.png",
            "name": "MIDI Controllers",
            "type": "Electronic"
        },
        {
            "icon": "/images/instruments/sampler.png",
            "name": "Samplers",
            "type": "Electronic"
        },
        {
            "icon": "/images/instruments/leadvocal.png",
            "name": "Lead Vocals",
            "type": "Vocals"
        },
        {
            "icon": "/images/instruments/backing-vocals.png",
            "name": "Backing Vocals",
            "type": "Vocals"
        },
        {
            "icon": "/images/instruments/beatboxing.png",
            "name": "Beatboxing",
            "type": "Vocals"
        },
        {
            "icon": "/images/instruments/choir.png",
            "name": "Choral Arrangement",
            "type": "Vocals"
        }
    ]